model,accuracy,precision_weighted,recall_weighted,f1_weighted
Logistic Regression,0.7185929648241206,0.724149483047421,0.7185929648241206,0.7201100535568354
MLPClassifier,0.6809045226130653,0.6870867419262403,0.6809045226130653,0.6831867225424412
Random Forest,0.6557788944723618,0.646208732941859,0.6557788944723618,0.6489756372797038
