task,model,accuracy,precision_weighted,recall_weighted,f1_weighted
project_category,Random Forest,0.8743718592964824,0.8731771774766417,0.8743718592964824,0.8715568980090022
project_category,Linear SVM,0.8542713567839196,0.8535375408382062,0.8542713567839196,0.8529559601931197
project_category,Logistic Regression,0.8417085427135679,0.841490036683702,0.8417085427135679,0.841057640790557
project_category,KNN,0.6633165829145728,0.6807290127106119,0.6633165829145728,0.6605646146813438
project_category,TextCNN,0.914572864321608,0.9150117562944858,0.914572864321608,0.9128456339818026
